Country,Neighbour
Afghanistan,China
Albania,Greece
Algeria,Libya
AmericanSamoa, 
Andorra,France
Angola,DemocraticRepublicCongo
Anguilla, 
AntiguaandBarbuda, 
Argentina,Bolivia
Armenia,Azerbaijan
Aruba, 
Australia, 
Austria,CzechRepublic
Azerbaijan,Armenia
Bahamas, 
Bahrain, 
Bangladesh,India
Barbados, 
Belarus,Latvia
Belgium,France
Belize,Guatemala
Benin,BurkinaFaso
Bermuda, 
Bhutan,China
Bolivia,Argentina
BosniaHerzegovina,Croatia
Botswana,Namibia
Brazil,Argentina
BritishVirginIslands, 
Brunei,Malaysia
Bulgaria,Greece
BurkinaFaso,Benin
Burundi,DemocraticRepublicCongo
Cambodia,Laos
Cameroon,CentralAfricanRepublic
Canada,UnitedStates
CapeVerde, 
CaymanIslands, 
CentralAfricanRepublic,Cameroon
Chad,Cameroon
Chile,Argentina
China,Afghanistan
ChristmasIsland, 
CocosKeelingIslands, 
Colombia,Brazil
Comoros, 
CookIslands, 
CostaRica,Nicaragua
Croatia,BosniaHerzegovina
Cuba, 
Curacao, 
Cyprus, 
CzechRepublic,Austria
DemocraticRepublicCongo,Angola
Denmark,Germany
Djibouti,Eritrea
Dominica, 
DominicanRepublic,Haiti
EastTimor,Indonesia
Ecuador,Colombia
Egypt,GazaStrip
ElSalvador,Guatemala
EquatorialGuinea,Cameroon
Eritrea,Djibouti
Estonia,Latvia
Ethiopia,Djibouti
FalklandIslands, 
FaroeIslands, 
Fiji, 
Finland,Norway
France,Andorra
FrenchGuiana,Brazil
FrenchPolynesia, 
Gabon,Cameroon
Gambia,Senegal
GazaStrip,Egypt
Georgia,Armenia
Germany,Austria
Ghana,BurkinaFaso
Gibraltar,Spain
Greece,Albania
Greenland, 
Grenada, 
Guadeloupe,FormerNetherlandsAntilles
Guam, 
Guatemala,Belize
Guernsey, 
Guinea,GuineaBissau
GuineaBissau,Guinea
Guyana,Brazil
Haiti,DominicanRepublic
Honduras,ElSalvador
HongKong,China
Hungary,Austria
Iceland, 
India,Bangladesh
Indonesia,EastTimor
Iran,Afghanistan
Iraq,Iran
Ireland,UnitedKingdom
IsleofMan, 
Israel,Egypt
Italy,Austria
IvoryCoast,BurkinaFaso
Jamaica, 
Japan, 
Jersey, 
Jordan,Iraq
Kazakhstan,China
Kenya,Ethiopia
Kiribati, 
Kosovo,Albania
Kuwait,Iraq
Kyrgyzstan,China
Laos,Cambodia
Latvia,Belarus
Lebanon,Israel
Lesotho,SouthAfrica
Liberia,Guinea
Libya,Algeria
Liechtenstein,Austria
Lithuania,Belarus
Luxembourg,Belgium
Macau,China
Macedonia,Albania
Madagascar, 
Malawi,Mozambique
Malaysia,Brunei
Maldives, 
Mali,Algeria
Malta, 
MarshallIslands, 
Martinique, 
Mauritania,Algeria
Mauritius, 
Mayotte, 
Mexico,Belize
Micronesia, 
Moldova,Romania
Monaco,France
Mongolia,China
Montenegro,Albania
Montserrat, 
Morocco,Algeria
Mozambique,Malawi
Myanmar,Bangladesh
Namibia,Angola
Nauru, 
Nepal,China
Netherlands,Belgium
NewCaledonia, 
NewZealand, 
Nicaragua,CostaRica
Niger,Algeria
Nigeria,Benin
Niue, 
NorfolkIsland, 
NorthernMarianaIslands, 
NorthKorea,China
Norway,Finland
Oman,SaudiArabia
Pakistan,Afghanistan
Palau, 
Panama,Colombia
PapuaNewGuinea,Indonesia
Paraguay,Argentina
Peru,Bolivia
Philippines, 
PitcairnIslands, 
Poland,Belarus
Portugal,Spain
PuertoRico, 
Qatar,SaudiArabia
RepublicCongo,Angola
Réunion, 
Romania,Bulgaria
Russia,Azerbaijan
Rwanda,Burundi
SaintHelena, 
SaintKittsandNevis, 
SaintLucia, 
SaintPierreandMiquelon, 
SaintVincentandtheGrenadines, 
Samoa, 
SanMarino,Italy
SãoToméandPríncipe, 
SaudiArabia,Iraq
Senegal,Gambia
Serbia,BosniaHerzegovina
Seychelles, 
SierraLeone,Guinea
Singapore, 
SintMaarten,Guadeloupe
Slovakia,Austria
Slovenia,Austria
SolomonIslands, 
Somalia,Djibouti
SouthAfrica,Botswana
SouthKorea,NorthKorea
SouthSudan,CentralAfricanRepublic
Spain,Andorra
SriLanka, 
Sudan,CentralAfricanRepublic
Suriname,Brazil
Svalbard, 
Swaziland,Mozambique
Sweden,Finland
Switzerland,Austria
Syria,Iraq
Taiwan, 
Tajikistan,Afghanistan
Tanzania,Burundi
Thailand,Cambodia
Togo,Benin
Tokelau, 
Tonga, 
TrinidadandTobago, 
Tunisia,Algeria
Turkey,Armenia
Turkmenistan,Afghanistan
TurksandCaicosIslands, 
Tuvalu, 
Uganda,DemocraticRepublicCongo
Ukraine,Belarus
UnitedArabEmirates,Oman
UnitedKingdom,Ireland
UnitedStates,Canada
UnitedStatesVirginIslands, 
Uruguay,Argentina
Uzbekistan,Afghanistan
Vanuatu, 
VaticanCity,Italy
Venezuela,Brazil
Vietnam,Cambodia
WallisandFutunaIslands, 
WestBank,Israel
WesternSahara,Algeria
Yemen,Oman
Zambia,Angola
Zimbabwe,Botswana
Afghanistan,Iran
Albania,Kosovo
Algeria,Mali
Andorra,Spain
Angola,Namibia
Argentina,Brazil
Armenia,Georgia
Austria,Germany
Azerbaijan,Georgia
Bangladesh,Myanmar
Belarus,Lithuania
Belgium,Germany
Belize,Mexico
Benin,Niger
Bhutan,India
Bolivia,Brazil
BosniaHerzegovina,Montenegro
Botswana,SouthAfrica
Brazil,Bolivia
Brunei,
Bulgaria,Macedonia
BurkinaFaso,Ghana
Burundi,Rwanda
Cambodia,Thailand
Cameroon,Chad
Canada,
CentralAfricanRepublic,Chad
Chad,CentralAfricanRepublic
Chile,Bolivia
China,Bhutan
Colombia,Ecuador
CostaRica,Panama
Croatia,Hungary
CzechRepublic,Germany
DemocraticRepublicCongo,Burundi
Denmark,
Djibouti,Ethiopia
DominicanRepublic,
EastTimor,
Ecuador,Peru
Egypt,Israel
ElSalvador,Honduras
EquatorialGuinea,Gabon
Eritrea,Ethiopia
Estonia,Russia
Ethiopia,Eritrea
Finland,Russia
France,Belgium
FrenchGuiana,Suriname
Gabon,EquatorialGuinea
Gambia,
GazaStrip,Israel
Georgia,Azerbaijan
Germany,Belgium
Ghana,IvoryCoast
Gibraltar,
Greece,Bulgaria
Guadeloupe,
Guatemala,ElSalvador
Guinea,IvoryCoast
GuineaBissau,Senegal
Guyana,Suriname
Haiti,
Honduras,Guatemala
HongKong,
Hungary,Croatia
India,Bhutan
Indonesia,Malaysia
Iran,Armenia
Iraq,Jordan
Ireland,
Israel,GazaStrip
Italy,France
IvoryCoast,Ghana
Jordan,Israel
Kazakhstan,Kyrgyzstan
Kenya,Somalia
Kosovo,Macedonia
Kuwait,SaudiArabia
Kyrgyzstan,Kazakhstan
Laos,China
Latvia,Estonia
Lebanon,Syria
Lesotho,
Liberia,IvoryCoast
Libya,Chad
Liechtenstein,Switzerland
Lithuania,Latvia
Luxembourg,France
Macau,
Macedonia,Bulgaria
Malawi,Tanzania
Malaysia,Indonesia
Mali,BurkinaFaso
Mauritania,Mali
Mexico,Guatemala
Moldova,Ukraine
Monaco,
Mongolia,Russia
Montenegro,BosniaHerzegovina
Morocco,Spain
Mozambique,SouthAfrica
Myanmar,China
Namibia,Botswana
Nepal,India
Netherlands,Germany
Nicaragua,Honduras
Niger,Benin
Nigeria,Cameroon
NorthKorea,Russia
Norway,Russia
Oman,UnitedArabEmirates
Pakistan,China
Panama,CostaRica
PapuaNewGuinea,
Paraguay,Bolivia
Peru,Brazil
Poland,CzechRepublic
Portugal,
Qatar,
RepublicCongo,Cameroon
Romania,Hungary
Russia,Belarus
Rwanda,DemocraticRepublicCongo
SanMarino,
SaudiArabia,Jordan
Senegal,Guinea
Serbia,Bulgaria
SierraLeone,Liberia
SintMaarten,
Slovakia,CzechRepublic
Slovenia,Croatia
Somalia,Ethiopia
SouthAfrica,Lesotho
SouthKorea,
SouthSudan,DemocraticRepublicCongo
Spain,France
Sudan,Chad
Suriname,FrenchGuiana
Swaziland,SouthAfrica
Sweden,Norway
Switzerland,France
Syria,Israel
Tajikistan,China
Tanzania,DemocraticRepublicCongo
Thailand,Laos
Togo,BurkinaFaso
Tunisia,Libya
Turkey,Azerbaijan
Turkmenistan,Iran
Uganda,Kenya
Ukraine,Hungary
UnitedArabEmirates,SaudiArabia
UnitedKingdom,
UnitedStates,Mexico
Uruguay,Brazil
Uzbekistan,Kazakhstan
VaticanCity,
Venezuela,Colombia
Vietnam,China
WestBank,Jordan
WesternSahara,Mauritania
Yemen,SaudiArabia
Zambia,Botswana
Zimbabwe,Mozambique
Afghanistan,Pakistan
Albania,Macedonia
Algeria,Mauritania
Andorra,
Angola,RepublicCongo
Argentina,Chile
Armenia,Iran
Austria,Hungary
Azerbaijan,Iran
Bangladesh,
Belarus,Poland
Belgium,Luxembourg
Belize,
Benin,Nigeria
Bhutan,
Bolivia,Chile
BosniaHerzegovina,Serbia
Botswana,Zambia
Brazil,Colombia
Brunei,
Bulgaria,Romania
BurkinaFaso,IvoryCoast
Burundi,Tanzania
Cambodia,Vietnam
Cameroon,EquatorialGuinea
Canada,
CentralAfricanRepublic,DemocraticRepublicCongo
Chad,Libya
Chile,Peru
China,HongKong
Colombia,Panama
CostaRica,
Croatia,Montenegro
CzechRepublic,Poland
DemocraticRepublicCongo,CentralAfricanRepublic
Denmark,
Djibouti,Somalia
DominicanRepublic,
EastTimor,
Ecuador,
Egypt,Libya
ElSalvador,
EquatorialGuinea,
Eritrea,SouthSudan
Estonia,
Ethiopia,Kenya
Finland,Sweden
France,Germany
FrenchGuiana,
Gabon,RepublicCongo
Gambia,
GazaStrip,
Georgia,Russia
Germany,CzechRepublic
Ghana,Togo
Gibraltar,
Greece,Macedonia
Guadeloupe,
Guatemala,Honduras
Guinea,Liberia
GuineaBissau,
Guyana,Venezuela
Haiti,
Honduras,Nicaragua
HongKong,
Hungary,Romania
India,China
Indonesia,PapuaNewGuinea
Iran,Azerbaijan
Iraq,Kuwait
Ireland,
Israel,Jordan
Italy,SanMarino
IvoryCoast,Guinea
Jordan,SaudiArabia
Kazakhstan,Russia
Kenya,SouthSudan
Kosovo,Montenegro
Kuwait,
Kyrgyzstan,Tajikistan
Laos,Myanmar
Latvia,Lithuania
Lebanon,
Lesotho,
Liberia,SierraLeone
Libya,Egypt
Liechtenstein,
Lithuania,Poland
Luxembourg,Germany
Macau,
Macedonia,Greece
Malawi,Zambia
Malaysia,Thailand
Mali,Guinea
Mauritania,Senegal
Mexico,UnitedStates
Moldova,
Monaco,
Mongolia,
Montenegro,Croatia
Morocco,WesternSahara
Mozambique,Swaziland
Myanmar,India
Namibia,SouthAfrica
Nepal,
Netherlands,
Nicaragua,
Niger,BurkinaFaso
Nigeria,Chad
NorthKorea,SouthKorea
Norway,Sweden
Oman,Yemen
Pakistan,India
Panama,
PapuaNewGuinea,
Paraguay,Brazil
Peru,Chile
Poland,Germany
Portugal,
Qatar,
RepublicCongo,CentralAfricanRepublic
Romania,Moldova
Russia,China
Rwanda,Tanzania
SanMarino,
SaudiArabia,Kuwait
Senegal,GuineaBissau
Serbia,Croatia
SierraLeone,
SintMaarten,
Slovakia,Hungary
Slovenia,Hungary
Somalia,Kenya
SouthAfrica,Mozambique
SouthKorea,
SouthSudan,Eritrea
Spain,Gibraltar
Sudan,Egypt
Suriname,Guyana
Swaziland,
Sweden,
Switzerland,Germany
Syria,Jordan
Tajikistan,Kyrgyzstan
Tanzania,Kenya
Thailand,Malaysia
Togo,Ghana
Tunisia,
Turkey,Bulgaria
Turkmenistan,Kazakhstan
Uganda,Rwanda
Ukraine,Moldova
UnitedArabEmirates,
UnitedKingdom,
UnitedStates,
Uruguay,
Uzbekistan,Kyrgyzstan
VaticanCity,
Venezuela,Guyana
Vietnam,Laos
WestBank,
WesternSahara,Morocco
Yemen,
Zambia,DemocraticRepublicCongo
Zimbabwe,SouthAfrica
Afghanistan,Tajikistan
Albania,Montenegro
Algeria,Morocco
Andorra,
Angola,Zambia
Argentina,Paraguay
Armenia,Turkey
Austria,Italy
Azerbaijan,Russia
Bangladesh,
Belarus,Russia
Belgium,Netherlands
Belize,
Benin,Togo
Bhutan,
Bolivia,Paraguay
BosniaHerzegovina,
Botswana,Zimbabwe
Brazil,FrenchGuiana
Brunei,
Bulgaria,Serbia
BurkinaFaso,Mali
Burundi,
Cambodia,
Cameroon,Gabon
Canada,
CentralAfricanRepublic,RepublicCongo
Chad,Niger
Chile,
China,India
Colombia,Peru
CostaRica,
Croatia,Serbia
CzechRepublic,Slovakia
DemocraticRepublicCongo,RepublicCongo
Denmark,
Djibouti,
DominicanRepublic,
EastTimor,
Ecuador,
Egypt,Sudan
ElSalvador,
EquatorialGuinea,
Eritrea,Sudan
Estonia,
Ethiopia,Somalia
Finland,
France,Italy
FrenchGuiana,
Gabon,
Gambia,
GazaStrip,
Georgia,Turkey
Germany,Denmark
Ghana,
Gibraltar,
Greece,Turkey
Guadeloupe,
Guatemala,Mexico
Guinea,Mali
GuineaBissau,
Guyana,
Haiti,
Honduras,
HongKong,
Hungary,Serbia
India,Myanmar
Indonesia,
Iran,Iraq
Iraq,SaudiArabia
Ireland,
Israel,Lebanon
Italy,Slovenia
IvoryCoast,Liberia
Jordan,Syria
Kazakhstan,Turkmenistan
Kenya,Tanzania
Kosovo,Serbia
Kuwait,
Kyrgyzstan,Uzbekistan
Laos,Thailand
Latvia,Russia
Lebanon,
Lesotho,
Liberia,
Libya,Niger
Liechtenstein,
Lithuania,Russia
Luxembourg,
Macau,
Macedonia,Kosovo
Malawi,
Malaysia,
Mali,IvoryCoast
Mauritania,WesternSahara
Mexico,
Moldova,
Monaco,
Mongolia,
Montenegro,Kosovo
Morocco,
Mozambique,Tanzania
Myanmar,Laos
Namibia,Zambia
Nepal,
Netherlands,
Nicaragua,
Niger,Chad
Nigeria,Niger
NorthKorea,
Norway,
Oman,
Pakistan,Iran
Panama,
PapuaNewGuinea,
Paraguay,
Peru,Colombia
Poland,Lithuania
Portugal,
Qatar,
RepublicCongo,DemocraticRepublicCongo
Romania,Serbia
Russia,Estonia
Rwanda,Uganda
SanMarino,
SaudiArabia,Oman
Senegal,Mali
Serbia,Hungary
SierraLeone,
SintMaarten,
Slovakia,Poland
Slovenia,Italy
Somalia,
SouthAfrica,Namibia
SouthKorea,
SouthSudan,Ethiopia
Spain,Morocco
Sudan,Eritrea
Suriname,
Swaziland,
Sweden,
Switzerland,Italy
Syria,Lebanon
Tajikistan,Uzbekistan
Tanzania,Malawi
Thailand,Myanmar
Togo,
Tunisia,
Turkey,Georgia
Turkmenistan,Uzbekistan
Uganda,SouthSudan
Ukraine,Poland
UnitedArabEmirates,
UnitedKingdom,
UnitedStates,
Uruguay,
Uzbekistan,Tajikistan
VaticanCity,
Venezuela,
Vietnam,
WestBank,
WesternSahara,
Yemen,
Zambia,Malawi
Zimbabwe,Zambia
Afghanistan,Turkmenistan
Albania,
Algeria,Niger
Andorra,
Angola,
Argentina,Uruguay
Armenia,
Austria,Liechtenstein
Azerbaijan,Turkey
Bangladesh,
Belarus,Ukraine
Belgium,
Belize,
Benin,
Bhutan,
Bolivia,Peru
BosniaHerzegovina,
Botswana,
Brazil,Guyana
Brunei,
Bulgaria,Turkey
BurkinaFaso,Niger
Burundi,
Cambodia,
Cameroon,Nigeria
Canada,
CentralAfricanRepublic,SouthSudan
Chad,Nigeria
Chile,
China,Kazakhstan
Colombia,Venezuela
CostaRica,
Croatia,Slovenia
CzechRepublic,
DemocraticRepublicCongo,Rwanda
Denmark,
Djibouti,
DominicanRepublic,
EastTimor,
Ecuador,
Egypt,
ElSalvador,
EquatorialGuinea,
Eritrea,
Estonia,
Ethiopia,SouthSudan
Finland,
France,Luxembourg
FrenchGuiana,
Gabon,
Gambia,
GazaStrip,
Georgia,
Germany,France
Ghana,
Gibraltar,
Greece,
Guadeloupe,
Guatemala,
Guinea,Senegal
GuineaBissau,
Guyana,
Haiti,
Honduras,
HongKong,
Hungary,Slovakia
India,Nepal
Indonesia,
Iran,Pakistan
Iraq,Syria
Ireland,
Israel,Syria
Italy,Switzerland
IvoryCoast,Mali
Jordan,WestBank
Kazakhstan,Uzbekistan
Kenya,Uganda
Kosovo,
Kuwait,
Kyrgyzstan,
Laos,Vietnam
Latvia,
Lebanon,
Lesotho,
Liberia,
Libya,Sudan
Liechtenstein,
Lithuania,
Luxembourg,
Macau,
Macedonia,Serbia
Malawi,
Malaysia,
Mali,Mauritania
Mauritania,
Mexico,
Moldova,
Monaco,
Mongolia,
Montenegro,Serbia
Morocco,
Mozambique,Zambia
Myanmar,Thailand
Namibia,
Nepal,
Netherlands,
Nicaragua,
Niger,Libya
Nigeria,
NorthKorea,
Norway,
Oman,
Pakistan,
Panama,
PapuaNewGuinea,
Paraguay,
Peru,Ecuador
Poland,Russia
Portugal,
Qatar,
RepublicCongo,Gabon
Romania,Ukraine
Russia,Finland
Rwanda,
SanMarino,
SaudiArabia,Qatar
Senegal,Mauritania
Serbia,Kosovo
SierraLeone,
SintMaarten,
Slovakia,Ukraine
Slovenia,
Somalia,
SouthAfrica,Swaziland
SouthKorea,
SouthSudan,Kenya
Spain,Portugal
Sudan,Ethiopia
Suriname,
Swaziland,
Sweden,
Switzerland,Liechtenstein
Syria,Turkey
Tajikistan,
Tanzania,Mozambique
Thailand,
Togo,
Tunisia,
Turkey,Greece
Turkmenistan,
Uganda,Tanzania
Ukraine,Romania
UnitedArabEmirates,
UnitedKingdom,
UnitedStates,
Uruguay,
Uzbekistan,Turkmenistan
VaticanCity,
Venezuela,
Vietnam,
WestBank,
WesternSahara,
Yemen,
Zambia,Mozambique
Zimbabwe,
Afghanistan,Uzbekistan
Albania,
Algeria,Tunisia
Andorra,
Angola,
Argentina,
Armenia,
Austria,Slovakia
Azerbaijan,
Bangladesh,
Belarus,
Belgium,
Belize,
Benin,
Bhutan,
Bolivia,
BosniaHerzegovina,
Botswana,
Brazil,Paraguay
Brunei,
Bulgaria,
BurkinaFaso,Togo
Burundi,
Cambodia,
Cameroon,RepublicCongo
Canada,
CentralAfricanRepublic,Sudan
Chad,Sudan
Chile,
China,Kyrgyzstan
Colombia,
CostaRica,
Croatia,
CzechRepublic,
DemocraticRepublicCongo,SouthSudan
Denmark,
Djibouti,
DominicanRepublic,
EastTimor,
Ecuador,
Egypt,
ElSalvador,
EquatorialGuinea,
Eritrea,
Estonia,
Ethiopia,Sudan
Finland,
France,Monaco
FrenchGuiana,
Gabon,
Gambia,
GazaStrip,
Georgia,
Germany,Luxembourg
Ghana,
Gibraltar,
Greece,
Guadeloupe,
Guatemala,
Guinea,SierraLeone
GuineaBissau,
Guyana,
Haiti,
Honduras,
HongKong,
Hungary,Slovenia
India,Pakistan
Indonesia,
Iran,Turkey
Iraq,Turkey
Ireland,
Israel,WestBank
Italy,VaticanCity
IvoryCoast,
Jordan,
Kazakhstan,
Kenya,
Kosovo,
Kuwait,
Kyrgyzstan,
Laos,
Latvia,
Lebanon,
Lesotho,
Liberia,
Libya,Tunisia
Liechtenstein,
Lithuania,
Luxembourg,
Macau,
Macedonia,
Malawi,
Malaysia,
Mali,Niger
Mauritania,
Mexico,
Moldova,
Monaco,
Mongolia,
Montenegro,
Morocco,
Mozambique,Zimbabwe
Myanmar,
Namibia,
Nepal,
Netherlands,
Nicaragua,
Niger,Mali
Nigeria,
NorthKorea,
Norway,
Oman,
Pakistan,
Panama,
PapuaNewGuinea,
Paraguay,
Peru,
Poland,Slovakia
Portugal,
Qatar,
RepublicCongo,
Romania,
Russia,Georgia
Rwanda,
SanMarino,
SaudiArabia,UnitedArabEmirates
Senegal,
Serbia,Macedonia
SierraLeone,
SintMaarten,
Slovakia,
Slovenia,
Somalia,
SouthAfrica,Zimbabwe
SouthKorea,
SouthSudan,Sudan
Spain,
Sudan,Libya
Suriname,
Swaziland,
Sweden,
Switzerland,
Syria,
Tajikistan,
Tanzania,Rwanda
Thailand,
Togo,
Tunisia,
Turkey,Iran
Turkmenistan,
Uganda,
Ukraine,Russia
UnitedArabEmirates,
UnitedKingdom,
UnitedStates,
Uruguay,
Uzbekistan,
VaticanCity,
Venezuela,
Vietnam,
WestBank,
WesternSahara,
Yemen,
Zambia,Namibia
Zimbabwe,
Afghanistan,
Albania,
Algeria,WesternSahara
Andorra,
Angola,
Argentina,
Armenia,
Austria,Slovenia
Azerbaijan,
Bangladesh,
Belarus,
Belgium,
Belize,
Benin,
Bhutan,
Bolivia,
BosniaHerzegovina,
Botswana,
Brazil,Peru
Brunei,
Bulgaria,
BurkinaFaso,
Burundi,
Cambodia,
Cameroon,
Canada,
CentralAfricanRepublic,
Chad,
Chile,
China,Laos
Colombia,
CostaRica,
Croatia,
CzechRepublic,
DemocraticRepublicCongo,Tanzania
Denmark,
Djibouti,
DominicanRepublic,
EastTimor,
Ecuador,
Egypt,
ElSalvador,
EquatorialGuinea,
Eritrea,
Estonia,
Ethiopia,
Finland,
France,Spain
FrenchGuiana,
Gabon,
Gambia,
GazaStrip,
Georgia,
Germany,Netherlands
Ghana,
Gibraltar,
Greece,
Guadeloupe,
Guatemala,
Guinea,
GuineaBissau,
Guyana,
Haiti,
Honduras,
HongKong,
Hungary,Ukraine
India,
Indonesia,
Iran,Turkmenistan
Iraq,
Ireland,
Israel,
Italy,
IvoryCoast,
Jordan,
Kazakhstan,
Kenya,
Kosovo,
Kuwait,
Kyrgyzstan,
Laos,
Latvia,
Lebanon,
Lesotho,
Liberia,
Libya,
Liechtenstein,
Lithuania,
Luxembourg,
Macau,
Macedonia,
Malawi,
Malaysia,
Mali,Senegal
Mauritania,
Mexico,
Moldova,
Monaco,
Mongolia,
Montenegro,
Morocco,
Mozambique,
Myanmar,
Namibia,
Nepal,
Netherlands,
Nicaragua,
Niger,Nigeria
Nigeria,
NorthKorea,
Norway,
Oman,
Pakistan,
Panama,
PapuaNewGuinea,
Paraguay,
Peru,
Poland,Ukraine
Portugal,
Qatar,
RepublicCongo,
Romania,
Russia,Kazakhstan
Rwanda,
SanMarino,
SaudiArabia,Yemen
Senegal,
Serbia,Montenegro
SierraLeone,
SintMaarten,
Slovakia,
Slovenia,
Somalia,
SouthAfrica,
SouthKorea,
SouthSudan,Uganda
Spain,
Sudan,SouthSudan
Suriname,
Swaziland,
Sweden,
Switzerland,
Syria,
Tajikistan,
Tanzania,Uganda
Thailand,
Togo,
Tunisia,
Turkey,Iraq
Turkmenistan,
Uganda,
Ukraine,Slovakia
UnitedArabEmirates,
UnitedKingdom,
UnitedStates,
Uruguay,
Uzbekistan,
VaticanCity,
Venezuela,
Vietnam,
WestBank,
WesternSahara,
Yemen,
Zambia,Tanzania
Zimbabwe,
Afghanistan,
Albania,
Algeria,
Andorra,
Angola,
Argentina,
Armenia,
Austria,Switzerland
Azerbaijan,
Bangladesh,
Belarus,
Belgium,
Belize,
Benin,
Bhutan,
Bolivia,
BosniaHerzegovina,
Botswana,
Brazil,Suriname
Brunei,
Bulgaria,
BurkinaFaso,
Burundi,
Cambodia,
Cameroon,
Canada,
CentralAfricanRepublic,
Chad,
Chile,
China,Macau
Colombia,
CostaRica,
Croatia,
CzechRepublic,
DemocraticRepublicCongo,Uganda
Denmark,
Djibouti,
DominicanRepublic,
EastTimor,
Ecuador,
Egypt,
ElSalvador,
EquatorialGuinea,
Eritrea,
Estonia,
Ethiopia,
Finland,
France,Switzerland
FrenchGuiana,
Gabon,
Gambia,
GazaStrip,
Georgia,
Germany,Poland
Ghana,
Gibraltar,
Greece,
Guadeloupe,
Guatemala,
Guinea,
GuineaBissau,
Guyana,
Haiti,
Honduras,
HongKong,
Hungary,
India,
Indonesia,
Iran,
Iraq,
Ireland,
Israel,
Italy,
IvoryCoast,
Jordan,
Kazakhstan,
Kenya,
Kosovo,
Kuwait,
Kyrgyzstan,
Laos,
Latvia,
Lebanon,
Lesotho,
Liberia,
Libya,
Liechtenstein,
Lithuania,
Luxembourg,
Macau,
Macedonia,
Malawi,
Malaysia,
Mali,
Mauritania,
Mexico,
Moldova,
Monaco,
Mongolia,
Montenegro,
Morocco,
Mozambique,
Myanmar,
Namibia,
Nepal,
Netherlands,
Nicaragua,
Niger,
Nigeria,
NorthKorea,
Norway,
Oman,
Pakistan,
Panama,
PapuaNewGuinea,
Paraguay,
Peru,
Poland,
Portugal,
Qatar,
RepublicCongo,
Romania,
Russia,Latvia
Rwanda,
SanMarino,
SaudiArabia,
Senegal,
Serbia,Romania
SierraLeone,
SintMaarten,
Slovakia,
Slovenia,
Somalia,
SouthAfrica,
SouthKorea,
SouthSudan,
Spain,
Sudan,
Suriname,
Swaziland,
Sweden,
Switzerland,
Syria,
Tajikistan,
Tanzania,Zambia
Thailand,
Togo,
Tunisia,
Turkey,Syria
Turkmenistan,
Uganda,
Ukraine,
UnitedArabEmirates,
UnitedKingdom,
UnitedStates,
Uruguay,
Uzbekistan,
VaticanCity,
Venezuela,
Vietnam,
WestBank,
WesternSahara,
Yemen,
Zambia,Zimbabwe
Zimbabwe,
Afghanistan,
Albania,
Algeria,
Andorra,
Angola,
Argentina,
Armenia,
Austria,
Azerbaijan,
Bangladesh,
Belarus,
Belgium,
Belize,
Benin,
Bhutan,
Bolivia,
BosniaHerzegovina,
Botswana,
Brazil,Uruguay
Brunei,
Bulgaria,
BurkinaFaso,
Burundi,
Cambodia,
Cameroon,
Canada,
CentralAfricanRepublic,
Chad,
Chile,
China,Mongolia
Colombia,
CostaRica,
Croatia,
CzechRepublic,
DemocraticRepublicCongo,Zambia
Denmark,
Djibouti,
DominicanRepublic,
EastTimor,
Ecuador,
Egypt,
ElSalvador,
EquatorialGuinea,
Eritrea,
Estonia,
Ethiopia,
Finland,
France,
FrenchGuiana,
Gabon,
Gambia,
GazaStrip,
Georgia,
Germany,Switzerland
Ghana,
Gibraltar,
Greece,
Guadeloupe,
Guatemala,
Guinea,
GuineaBissau,
Guyana,
Haiti,
Honduras,
HongKong,
Hungary,
India,
Indonesia,
Iran,
Iraq,
Ireland,
Israel,
Italy,
IvoryCoast,
Jordan,
Kazakhstan,
Kenya,
Kosovo,
Kuwait,
Kyrgyzstan,
Laos,
Latvia,
Lebanon,
Lesotho,
Liberia,
Libya,
Liechtenstein,
Lithuania,
Luxembourg,
Macau,
Macedonia,
Malawi,
Malaysia,
Mali,
Mauritania,
Mexico,
Moldova,
Monaco,
Mongolia,
Montenegro,
Morocco,
Mozambique,
Myanmar,
Namibia,
Nepal,
Netherlands,
Nicaragua,
Niger,
Nigeria,
NorthKorea,
Norway,
Oman,
Pakistan,
Panama,
PapuaNewGuinea,
Paraguay,
Peru,
Poland,
Portugal,
Qatar,
RepublicCongo,
Romania,
Russia,Lithuania
Rwanda,
SanMarino,
SaudiArabia,
Senegal,
Serbia,
SierraLeone,
SintMaarten,
Slovakia,
Slovenia,
Somalia,
SouthAfrica,
SouthKorea,
SouthSudan,
Spain,
Sudan,
Suriname,
Swaziland,
Sweden,
Switzerland,
Syria,
Tajikistan,
Tanzania,
Thailand,
Togo,
Tunisia,
Turkey,
Turkmenistan,
Uganda,
Ukraine,
UnitedArabEmirates,
UnitedKingdom,
UnitedStates,
Uruguay,
Uzbekistan,
VaticanCity,
Venezuela,
Vietnam,
WestBank,
WesternSahara,
Yemen,
Zambia,
Zimbabwe,
Brazil,Venezuela
China,Myanmar
China,Nepal
China,NorthKorea
China,Pakistan
China,Russia
China,Tajikistan
China,Vietnam
Russia,Mongolia
Russia,NorthKorea
Russia,Norway
Russia,Poland
Russia,Ukraine